time,day,hour,minute,count,fsq_count,CategorieParents,Categories,Venues
Mon Sep 03 00:00:00 UTC 2012,0,0,0,14,0,"","",""
Mon Sep 03 00:30:00 UTC 2012,0,0,30,42,1,Travel & Transport=1_Hotels=1,Hostel=1,Wombat's Hostel München=1
Mon Sep 03 01:00:00 UTC 2012,0,1,60,42,1,Travel & Transport=1_Hotels=1,Hostel=1,Smart Stay Hostel=1
Mon Sep 03 01:30:00 UTC 2012,0,1,90,40,0,"","",""
Mon Sep 03 02:00:00 UTC 2012,0,2,120,35,0,"","",""
Mon Sep 03 02:30:00 UTC 2012,0,2,150,7,0,"","",""
Mon Sep 03 03:00:00 UTC 2012,0,3,180,1,0,"","",""
Mon Sep 03 03:30:00 UTC 2012,0,3,210,2,0,"","",""
Mon Sep 03 04:00:00 UTC 2012,0,4,240,3,0,"","",""
Mon Sep 03 04:30:00 UTC 2012,0,4,270,9,0,"","",""
Mon Sep 03 05:00:00 UTC 2012,0,5,300,4,0,"","",""
Mon Sep 03 05:30:00 UTC 2012,0,5,330,3,0,"","",""
Mon Sep 03 06:00:00 UTC 2012,0,6,360,13,2,Residences=1_Travel & Transport=1,Residential Building (Apartment / Condo)=1_Bus Station=1,H Emdenstraße=1_Wolkerweg 11a=1
Mon Sep 03 06:30:00 UTC 2012,0,6,390,10,2,Travel & Transport=2,Train Station=1_Subway=1,München Hauptbahnhof=1_Haderner Stern=1
Mon Sep 03 07:00:00 UTC 2012,0,7,420,5,2,Travel & Transport=1_Outdoors & Recreation=1,Train Station=1_Plaza=1,München Hauptbahnhof=1_Margaretenkirche Treppe=1
Mon Sep 03 07:30:00 UTC 2012,0,7,450,9,0,"","",""
Mon Sep 03 08:00:00 UTC 2012,0,8,480,14,5,Professional & Other Places=3_Outdoors & Recreation=1,Office=2_Building=1_Plaza=1,Turner House=1_Jürgens Social Homeoffice=1_Blutspendedienst München=1_Moosacher Stachus=1_Linde AG=1
Mon Sep 03 08:30:00 UTC 2012,0,8,510,37,5,Professional & Other Places=1_Travel & Transport=2_Outdoors & Recreation=1_Food=1,Coffee Shop=1_Hotel=1_Bus Station=1_Office=1_Lake=1,Schwabinger See=1_Hotel Am Moosfeld Munich=1_H Hohenzollernplatz=1_Maisberger GmbH=1_Coffee Fellows=1
Mon Sep 03 09:00:00 UTC 2012,0,9,540,49,12,Travel & Transport=1_Professional & Other Places=9_Outdoors & Recreation=1,Office=9_Hotel=1_Neighborhood=1,Hilton Munich City=1_d.velop International=1_IDG Germany Office=1_BMW @ UpTown=1_Maximilianstraße=1_Web Media Publishing AG=1_Innovation@ITZ=1_CSU Landesleitung=1_Weber Shandwick=1_gutefrage.net GmbH=1_Edelman Munich Office=1_SevenOne Media GmbH=1
Mon Sep 03 09:30:00 UTC 2012,0,9,570,36,4,Colleges & Universities=1_Professional & Other Places=1_Food=2,General College & University=1_Coffee Shop=1_Office=1_Tea Room=1,Hubert Burda Media=1_Akademie der Bayerischen Presse=1_Starbucks=1_Friesische Teestube=1
Mon Sep 03 10:00:00 UTC 2012,0,10,600,30,1,Food=1,Turkish Restaurant=1,antep sofrasi=1
Mon Sep 03 10:30:00 UTC 2012,0,10,630,32,3,Travel & Transport=1_Professional & Other Places=1,Building=1_Hotel=1,Best Western Hotel Atrium=1_PAYBACK GmbH=1_Ismaning=1
Mon Sep 03 11:00:00 UTC 2012,0,11,660,47,6,Travel & Transport=2_Professional & Other Places=2_Government Buildings=1_Outdoors & Recreation=1,Train Station=2_Post Office=1_Other Great Outdoors=1_City Hall=1,München Hauptbahnhof=2_Deutsche Post=1_Heros Reha=1_München=1_LH München - Stadtkanzlei Druck und Grafik=1
Mon Sep 03 11:30:00 UTC 2012,0,11,690,54,4,Stadiums=1_Arts & Entertainment=1_Professional & Other Places=1_Travel & Transport=1,Soccer Stadium=1_Subway=1_Office=1,Allianz Arena=1_U Schwanthaler Höhe=1_Renesas Electronics=1_Hotwire Public Relations=1
Mon Sep 03 12:00:00 UTC 2012,0,12,720,50,3,Travel & Transport=1_Outdoors & Recreation=1_Food=1,Greek Restaurant=1_Train Station=1_Plaza=1,München Hauptbahnhof=1_Poseidon=1_Marienplatz=1
Mon Sep 03 12:30:00 UTC 2012,0,12,750,40,11,Residences=1_Arts & Entertainment=1_Professional & Other Places=2_Travel & Transport=1_Movie Theaters=1_Outdoors & Recreation=1_Spiritual Centers=1_Food=4_Shops & Services=1,Pizza Place=1_Temple=1_Grocery Store=1_Housing Development=1_Other Great Outdoors=1_Light Rail=1_Bakery=1_Office=1,Italiana Caffe=1_ProSiebenSat.1 Games=1_City Kino=1_Bäckerei Ziegler=1_Friedenheimer Straße=1_ocui [open cuisine]=1_FantaSia=1_Akademie Deutsche POP=1_München=1_Tram Agnes-Bernauer-Str.=1_Tengelmann=1
Mon Sep 03 13:00:00 UTC 2012,0,13,780,46,4,Food=3_Shops & Services=1,Miscellaneous Shop=1_Coffee Shop=1_Thai Restaurant=1_Indian Restaurant=1,EuroShop=1_NAMASTE=1_Starbucks=1_Noppakao=1
Mon Sep 03 13:30:00 UTC 2012,0,13,810,44,5,Travel & Transport=1_Food=2_Shops & Services=2,Bank=1_Miscellaneous Shop=1_Light Rail=1_Café=1_Italian Restaurant=1,HypoVereinsbank=1_Nespresso Boutique=1_La Cantinetta=1_Tram Karolinenplatz=1_Der Laden=1
Mon Sep 03 14:00:00 UTC 2012,0,14,840,30,3,Colleges & Universities=1_Food=1,Brewery=1_Professional & Other Places=1_College Academic Building=1,twentyZen M-Maxvorstadt=1_EF International Language Centres=1_Zum Augustiner=1
Mon Sep 03 14:30:00 UTC 2012,0,14,870,35,9,Medical Centers=1_Professional & Other Places=1_Travel & Transport=1_Food=1_Shops & Services=4_Nightlife Spots=2,Beer Garden=2_Food & Drink Shop=1_Dentist's Office=1_Bank=1_Travel Lounge=1_Electronics Store=1_Department Store=1_Asian Restaurant=1,Hofbräuhaus=2_Der kleine Chinese=1_REWE=1_KinderLächeln=1_HypoVereinsbank=1_Apple Store=1_Karstadt=1_DB Lounge München=1
Mon Sep 03 15:00:00 UTC 2012,0,15,900,26,2,Shops & Services=1_Nightlife Spots=1,Internet Cafe=1_Beer Garden=1,Zum Spöckmeier=1_schalk&friends - agentur für neue medien gmbh=1
Mon Sep 03 15:30:00 UTC 2012,0,15,930,30,3,Outdoors & Recreation=1_Food=1_Shops & Services=2,Plaza=1_Grocery Store=1_Drugstore / Pharmacy=1,Edeka Theresie=1_Karlsplatz (Stachus)=1_Pelkoven Apotheke=1
Mon Sep 03 16:00:00 UTC 2012,0,16,960,31,1,Professional & Other Places=1,Office=1,Payback=1
Mon Sep 03 16:30:00 UTC 2012,0,16,990,32,6,Athletics & Sports=1_Outdoors & Recreation=2_Clothing Stores=1_Shops & Services=4,Mall=1_Boutique=1_Soccer Field=1_Neighborhood=1_Gas Station / Garage=1_Electronics Store=1,FT Gern=1_Apple Store=1_PEP Perlacher Einkaufspassagen=1_Louis Vuitton=1_Munich City=1_Aral Tankstelle=1
Mon Sep 03 17:00:00 UTC 2012,0,17,1020,55,2,Athletics & Sports=1_Outdoors & Recreation=2,Field=1_Soccer Field=1,Grubmühlerfeld=1_FT Gern=1
Mon Sep 03 17:30:00 UTC 2012,0,17,1050,44,1,Airports=1_Travel & Transport=1,Airport Terminal=1,Flughafen München T2=1
Mon Sep 03 18:00:00 UTC 2012,0,18,1080,57,9,Residences=1_Travel & Transport=3_Professional & Other Places=1_Outdoors & Recreation=2_Food=2,Plaza=2_Hotel=2_Light Rail=1_Post Office=1_German Restaurant=1_Home (private)=1_Italian Restaurant=1,Marienplatz=2_Italian Connection=1_Deutsche Post=1_Hilton Munich City=1_Munich Germany=1_Tram Wintrichring=1_Sheraton München Arabellapark Hotel=1_Rabenwirt=1
Mon Sep 03 18:30:00 UTC 2012,0,18,1110,32,3,Residences=1_Travel & Transport=1_Outdoors & Recreation=1_Hotels=1,Plaza=1_Hostel=1_Home (private)=1,Karlsplatz (Stachus)=1_2 Infinite Loop=1_Euro Youth Hostel=1
Mon Sep 03 19:00:00 UTC 2012,0,19,1140,74,6,Residences=1_Travel & Transport=2_Outdoors & Recreation=1_Hotels=1_Food=2,German Restaurant=1_Hostel=1_Neighborhood=1_Café=1_Hotel=1_Home (private)=1,Park Hotel Laim=1_Maximilianstraße=1_Haus International Munich=1_Café Rischart=1_Restaurant Stoa=1_Becci Rads Place.=1
Mon Sep 03 19:30:00 UTC 2012,0,19,1170,64,3,Travel & Transport=2_Food=1,Train Station=1_Coffee Shop=1_Hotel=1,Munich Starbucks=1_S+U Ostbahnhof=1_Sheraton München Arabellapark Hotel=1
Mon Sep 03 20:00:00 UTC 2012,0,20,1200,57,3,Residences=1_Food=2,Residential Building (Apartment / Condo)=1_Coffee Shop=1_Italian Restaurant=1,Cafe Vergnano=1_Pizzeria Erato=1_Wolkerweg 11a=1
Mon Sep 03 20:30:00 UTC 2012,0,20,1230,62,2,Athletics & Sports=1_Outdoors & Recreation=1_Nightlife Spots=1,Cocktail Bar=1_Skate Park=1,Café Mozart=1_Bladenight=1
Mon Sep 03 21:00:00 UTC 2012,0,21,1260,74,2,Arts & Entertainment=1_Travel & Transport=1,Movie Theater=1_Subway=1,Cinema Filmtheater München=1_U Innsbrucker Ring=1
Mon Sep 03 21:30:00 UTC 2012,0,21,1290,86,5,Travel & Transport=2_Outdoors & Recreation=1_Food=1_Nightlife Spots=1,Fast Food Restaurant=1_Hotel=1_Road=1_Gay Bar=1_Park=1,Best Western Hotel Atrium=1_Olympiapark=1_Kraftakt=1_McDonald's=1_Frankfurter Ring=1
Mon Sep 03 22:00:00 UTC 2012,0,22,1320,81,4,Travel & Transport=1_Food=3,Vietnamese Restaurant=1_Middle Eastern Restaurant=1_Restaurant=1_Hotel=1,Berber Libanesisches Restaurant=1_Nam Giao=1_Lisboa Bar=1_Hotel Königshof=1
Mon Sep 03 22:30:00 UTC 2012,0,22,1350,64,1,Travel & Transport=1,Hotel=1,Sheraton München Arabellapark Hotel=1
Mon Sep 03 23:00:00 UTC 2012,0,23,1380,35,1,Travel & Transport=1,Hotel=1,Best Western Hotel Atrium=1
Mon Sep 03 23:30:00 UTC 2012,0,23,1410,0,0,"","",""
Tue Sep 04 00:00:00 UTC 2012,1,0,0,0,0,"","",""
Tue Sep 04 00:30:00 UTC 2012,1,0,30,0,0,"","",""
Tue Sep 04 01:00:00 UTC 2012,1,1,60,64,1,Travel & Transport=1_Hotels=1,Hostel=1,Haus International Munich=1
Tue Sep 04 01:30:00 UTC 2012,1,1,90,24,2,Professional & Other Places=1_Shops & Services=1,Gas Station / Garage=1_Office=1,BP Tankstelle Otto Schweiger=1_Tquila Munich=1
Tue Sep 04 02:00:00 UTC 2012,1,2,120,30,0,"","",""
Tue Sep 04 02:30:00 UTC 2012,1,2,150,7,0,"","",""
Tue Sep 04 03:00:00 UTC 2012,1,3,180,4,0,"","",""
Tue Sep 04 03:30:00 UTC 2012,1,3,210,3,0,"","",""
Tue Sep 04 04:00:00 UTC 2012,1,4,240,3,0,"","",""
Tue Sep 04 04:30:00 UTC 2012,1,4,270,1,0,"","",""
Tue Sep 04 05:00:00 UTC 2012,1,5,300,2,0,"","",""
Tue Sep 04 05:30:00 UTC 2012,1,5,330,3,0,"","",""
Tue Sep 04 06:00:00 UTC 2012,1,6,360,18,0,"","",""
Tue Sep 04 06:30:00 UTC 2012,1,6,390,8,2,Travel & Transport=2,Train Station=1_Subway=1,Haderner Stern=1_Bahnhof Moosach (S+U)=1
Tue Sep 04 07:00:00 UTC 2012,1,7,420,12,0,"","",""
Tue Sep 04 07:30:00 UTC 2012,1,7,450,15,0,"","",""
Tue Sep 04 08:00:00 UTC 2012,1,8,480,27,4,Residences=1_Professional & Other Places=3,Office=3_Home (private)=1,LovelyBooks.de=2_Not Ruschke HQ=1_Edelman Munich Office=1
Tue Sep 04 08:30:00 UTC 2012,1,8,510,37,10,Residences=1_Colleges & Universities=1_Professional & Other Places=6_Travel & Transport=2_Convention Centers=1,Office=5_Bus Station=1_General College & University=1_Train Station=1_Home (private)=1_Meeting Room=1,Referat für Bildung und Sport=1_H Hohenzollernplatz=1_WG der unbändigen Lust=1_Innovation@ITZ=1_CSU Landesleitung=1_Home Shopping Europe GmbH=1_DID Institut=1_Maisberger GmbH=1_S Hackerbrücke=1_SevenOne Media GmbH=1
Tue Sep 04 09:00:00 UTC 2012,1,9,540,45,8,Travel & Transport=3_Professional & Other Places=3_Food=1,Office=3_Subway=2,München Hauptbahnhof=1_U Friedenheimer Straße=1_IDG Germany Office=1_Web Media Publishing AG=1_gutefrage.net GmbH=1_U Schwanthaler Höhe=1_SevenOne Media GmbH=1_I O espresso Lounge=1
Tue Sep 04 09:30:00 UTC 2012,1,9,570,43,2,Residences=1_Professional & Other Places=1,Office=1_Home (private)=1,WG der unbändigen Lust=1_Weber Shandwick=1
Tue Sep 04 10:00:00 UTC 2012,1,10,600,47,4,Travel & Transport=1_Professional & Other Places=1_Food=1_Shops & Services=1,Fast Food Restaurant=1_Hotel=1_Office=1_Salon / Barbershop=1,Eurostars Grand Central Hotel Munich=1_Capello Arte=1_McDonald's Deutschland Inc.=1_McDonald's=1
Tue Sep 04 10:30:00 UTC 2012,1,10,630,59,4,Professional & Other Places=2_Food=1_Shops & Services=1,Office=2_Coffee Shop=1_Bank=1,Munich Starbucks=1_HypoVereinsbank Headquarters=1_Unicredit Bank AG=1_Filiale Tucherpark=1
Tue Sep 04 11:00:00 UTC 2012,1,11,660,55,3,Professional & Other Places=1_Shops & Services=2,Automotive Shop=1_Internet Cafe=1_Building=1,Mercedes-Benz Niederlassung München=1_schalk&friends - agentur für neue medien gmbh=1_Ismaning=1
Tue Sep 04 11:30:00 UTC 2012,1,11,690,39,1,Travel & Transport=1,Train Station=1,München Hauptbahnhof=1
Tue Sep 04 12:00:00 UTC 2012,1,12,720,36,4,Travel & Transport=1_Professional & Other Places=1_Outdoors & Recreation=1_Food=1,Train Station=1_Plaza=1_Pizza Place=1_Office=1,München Hauptbahnhof=1_Marienplatz=1_ocui [open cuisine]=1_Siemens=1
Tue Sep 04 12:30:00 UTC 2012,1,12,750,60,8,Travel & Transport=1_Professional & Other Places=1_Outdoors & Recreation=1_Food=4_Shops & Services=1,Department Store=1_Plaza=1_Train Station=1_Breakfast Spot=1_Bakery=1_Thai Restaurant=1_Office=1_Tea Room=1,Hauptbahof=1_Galeria Kaufhof=1_Kaimug=1_Rischart=1_Payback=1_NYtea=1_Bäckerei Müller=1_Goetheplatz=1
Tue Sep 04 13:00:00 UTC 2012,1,13,780,50,4,Professional & Other Places=2_Food=1,Office=2_Salad Place=1,Dean & David=1_Red Bull Deutschland GmbH=1_Akademie Deutsche POP=1_Hotwire Public Relations=1
Tue Sep 04 13:30:00 UTC 2012,1,13,810,36,2,Arts & Entertainment=1_Professional & Other Places=1_Museums=1,History Museum=1_Office=1,Paläontologisches Museum=1_SevenOne Media GmbH=1
Tue Sep 04 14:00:00 UTC 2012,1,14,840,52,4,Professional & Other Places=1_Outdoors & Recreation=1_Offices=1_Shops & Services=1,Plaza=1_Tech Startup=1_Electronics Store=1,Karlsplatz (Stachus)=1_böhmerwaldplatzspielplatz=1_Apple Store=1_Torial Office=1
Tue Sep 04 14:30:00 UTC 2012,1,14,870,43,2,Stadiums=1_Arts & Entertainment=1_Food=1,Soccer Stadium=1_Burger Joint=1,Allianz Arena=1_Dillinger=1
Tue Sep 04 15:00:00 UTC 2012,1,15,900,54,5,Stadiums=1_Arts & Entertainment=1_Travel & Transport=1_Professional & Other Places=1_Food=1,Soccer Stadium=1_Hotel=1_Office=1_Asian Restaurant=1,Heros Reha=1_Allianz Arena=1_Der kleine Chinese=1_BMW @ UpTown=1_Marriott Hotel=1
Tue Sep 04 15:30:00 UTC 2012,1,15,930,56,2,Food=2_Shops & Services=1,Grocery Store=1_Café=1,Edeka Theresie=1_Aran=1
Tue Sep 04 16:00:00 UTC 2012,1,16,960,35,2,Train Stations=1_Travel & Transport=1_Food=1,Café=1_Platform=1,Gleis 5/6=1_35 Millimeter=1
Tue Sep 04 16:30:00 UTC 2012,1,16,990,61,17,Arts & Entertainment=1_Movie Theaters=1_Travel & Transport=10_Professional & Other Places=1_Outdoors & Recreation=1_Food=1_Shops & Services=3,Train Station=10_Building=1_Grocery Store=1_Plaza=1_Electronics Store=1_Drugstore / Pharmacy=1_Indie Movie Theater=1,München Hauptbahnhof=2_S Aubing=1_REWE CITY=1_Jürgens Social Homeoffice=1_S Laim=1_S+U Marienplatz=1_Marienplatz=1_S Hirschgarten=1_City Kino=1_Sonnendeck=1_S+U Karlsplatz (Stachus)=1_S Donnersbergerbrücke=1_Apple Store=1_S Hackerbrücke=1_Müller Drogerie=1_Bahnhof Pasing (S)=1
Tue Sep 04 17:00:00 UTC 2012,1,17,1020,38,5,Arts & Entertainment=1_Travel & Transport=3_Outdoors & Recreation=1,Train Station=3_Plaza=1_Museum=1,Hypo-Kunsthalle=1_Marienplatz=1_S+U Marienplatz=1_S Hackerbrücke=1_S+U Ostbahnhof=1
Tue Sep 04 17:30:00 UTC 2012,1,17,1050,42,4,Travel & Transport=2_Shops & Services=1,Hotel=1_Electronics Store=1_Subway=1,VHS Am Harras=1_Platzl Hotel=1_U Münchner Freiheit=1_Foto Sauter=1
Tue Sep 04 18:00:00 UTC 2012,1,18,1080,70,5,Travel & Transport=4_Outdoors & Recreation=1,Hotel=2_Train Station=1_Subway=1_Park=1,Ostbahnhof=1_Englischer Garten=1_Park Hotel Laim=1_U Schwanthaler Höhe=1_Appartment Pension Zum Zacherl=1
Tue Sep 04 18:30:00 UTC 2012,1,18,1110,76,6,Colleges & Universities=1_Travel & Transport=1_Food=1_Shops & Services=2,College Residence Hall=1_Bus Station=1_Salon / Barbershop=1_Japanese Restaurant=1_Hardware Store=1,Holiday Inn Express Munich Messe Feldkirchen=1_Soulhair=1_H Holzapfelkreuth=1_sushi + soul=1_StuSta - Studentenstadt Freimann=1_OBI Baumarkt=1
Tue Sep 04 19:00:00 UTC 2012,1,19,1140,65,3,Professional & Other Places=1_Offices=1_Food=2,German Restaurant=1_Tech Startup=1_Café=1,Café Guglhupf=1_SCE Strascheg Centre for Entrepreneurship=1_Paulaner am Nockherberg=1
Tue Sep 04 19:30:00 UTC 2012,1,19,1170,49,5,Residences=1_Travel & Transport=2_Food=3_Shops & Services=1,Hotel=2_Grocery Store=1_German Restaurant=1_Greek Restaurant=1_Home (private)=1,"Sheraton Munich Westpark Hotel=1_real,- SB-Warenhaus=1_Weinbauer=1_Kreta Grill=1_Appartment Munchen Isartor=1"
Tue Sep 04 20:00:00 UTC 2012,1,20,1200,73,8,Residences=2_Travel & Transport=1_Food=4_Nightlife Spots=1,German Restaurant=2_Home (private)=2_Hotel=1_Other Nightlife=1_Sushi Restaurant=1_Italian Restaurant=1,fuji sushi & nudel=1_Zum Brunnwart=1_The Westin Grand München=1_Auerfeldstraße 6=1_Kölner Abend=1_2 Infinite Loop=1_Italian Connection=1_Waldwirtschaft Großhesselohe=1
Tue Sep 04 20:30:00 UTC 2012,1,20,1230,104,7,Arts & Entertainment=1_Outdoors & Recreation=1_Food=5,Café=2_Fast Food Restaurant=1_Brewery=1_Plaza=1_Thai Restaurant=1_General Entertainment=1,CAN - Café am Nordbad=2_Burger King=1_Marienplatz=1_Löwenbräukeller=1_Nam Nam=1_Kletter- und Boulderzentrum München=1
Tue Sep 04 21:00:00 UTC 2012,1,21,1260,69,3,Residences=1_Travel & Transport=1,Residence=1_Hotel=1_Home (private)=1,Munich=1_WG der unbändigen Lust=1_Leonardo Royal Hotel Munich=1
Tue Sep 04 21:30:00 UTC 2012,1,21,1290,68,0,"","",""
Tue Sep 04 22:00:00 UTC 2012,1,22,1320,68,5,Stadiums=1_Arts & Entertainment=2_Travel & Transport=3_Museums=1,Hotel=2_Soccer Stadium=1_History Museum=1_Subway=1,Eurostar Hotel=2_Allianz Arena=1_Glyptothek=1_U Odeonsplatz=1
Tue Sep 04 22:30:00 UTC 2012,1,22,1350,94,2,Travel & Transport=2,Hotel=1_Subway=1,U Friedenheimer Straße=1_Park Hotel Laim=1
Tue Sep 04 23:00:00 UTC 2012,1,23,1380,96,4,Arts & Entertainment=1_Movie Theaters=1_Outdoors & Recreation=1,Other Great Outdoors=1_Professional & Other Places=1_Indie Movie Theater=1,"Am Schlosspark=1_City Kino=1_Am Würmufer, Gauting=1_München=1"
Tue Sep 04 23:30:00 UTC 2012,1,23,1410,71,3,Residences=1_Travel & Transport=1_Food=1,Diner=1_Hotel=1_Home (private)=1,Sheraton Arabellapark Executive Lounge=1_Schoeppis Home=1_Sheraton München Arabellapark Hotel=1
Wed Sep 05 00:00:00 UTC 2012,2,0,0,69,1,Travel & Transport=1_Hotels=1,Hostel=1,Haus International Munich=1
Wed Sep 05 00:30:00 UTC 2012,2,0,30,52,0,"","",""
Wed Sep 05 01:00:00 UTC 2012,2,1,60,42,0,"","",""
Wed Sep 05 01:30:00 UTC 2012,2,1,90,10,0,"","",""
Wed Sep 05 02:00:00 UTC 2012,2,2,120,13,1,Travel & Transport=1,Hotel=1,Courtyard by Marriott Munich City  Center=1
Wed Sep 05 02:30:00 UTC 2012,2,2,150,34,0,"","",""
Wed Sep 05 03:00:00 UTC 2012,2,3,180,12,0,"","",""
Wed Sep 05 03:30:00 UTC 2012,2,3,210,17,0,"","",""
Wed Sep 05 04:00:00 UTC 2012,2,4,240,19,0,"","",""
Wed Sep 05 04:30:00 UTC 2012,2,4,270,7,0,"","",""
Wed Sep 05 05:00:00 UTC 2012,2,5,300,10,0,"","",""
Wed Sep 05 05:30:00 UTC 2012,2,5,330,7,1,Travel & Transport=1,Hotel=1,Sheraton Munich Westpark Hotel=1
Wed Sep 05 06:00:00 UTC 2012,2,6,360,8,0,"","",""
Wed Sep 05 06:30:00 UTC 2012,2,6,390,10,1,Food=1,Coffee Shop=1,Starbucks=1
Wed Sep 05 07:00:00 UTC 2012,2,7,420,14,0,"","",""
Wed Sep 05 07:30:00 UTC 2012,2,7,450,22,1,Food=1,Coffee Shop=1,Red Coffee=1
Wed Sep 05 08:00:00 UTC 2012,2,8,480,29,7,Residences=1_Stadiums=1_Arts & Entertainment=1_Professional & Other Places=2_Travel & Transport=2,Office=2_Professional & Other Places=1_Soccer Stadium=1_Subway=1_Train Station=1_Home (private)=1,"Am Schlosspark=1_Allianz Arena=1_Dak=1_S Isartor=1_WG der unbändigen Lust=1_Home Shopping Europe GmbH=1_Am Würmufer, Gauting=1"
Wed Sep 05 08:30:00 UTC 2012,2,8,510,32,12,Arts & Entertainment=1_Travel & Transport=1_Professional & Other Places=7_Outdoors & Recreation=1_Convention Centers=1_Food=1,Office=5_Historic Site=1_Coffee Shop=1_Train Station=1_Government Building=1_Meeting Room=1_Park=1,Referat für Bildung und Sport=1_Olympiapark=1_NTT Data Deutschland GmbH=1_Bundesagentur für Arbeit=1_d.velop International=1_PX5=1_Weber Shandwick=1_gutefrage.net GmbH=1_Starbucks=1_Maisberger GmbH=1_S Hackerbrücke=1_Die Schwabinger Bombe war hier=1
Wed Sep 05 09:00:00 UTC 2012,2,9,540,50,11,Athletics & Sports=1_Professional & Other Places=4_Offices=1_Outdoors & Recreation=1_Food=5_Shops & Services=1,Coffee Shop=4_Office=3,Starbucks=2_Web Media Publishing AG=1_SPONSORs Sports Venue Summit=1_Cafe am Max-Weber-Platz=1_IDG Germany Office=1_Audi Christl & Schowalter=1_metaio GmbH=1_SevenOne Media GmbH=1_I O espresso Lounge=1_San Francisco Coffee Company=1
Wed Sep 05 09:30:00 UTC 2012,2,9,570,39,7,Travel & Transport=3_Professional & Other Places=3,Office=3_Subway=2,U Friedenheimer Straße=1_Sofitel Hotel - München (Munich)=1_Payback=1_CSU Landesleitung=1_U Schwanthaler Höhe=1_Edelman Munich Office=1_Sex-World=1
Wed Sep 05 10:00:00 UTC 2012,2,10,600,31,3,Professional & Other Places=1_Outdoors & Recreation=1_Food=1,Plaza=1_Café=1_Office=1,Chocolatte=1_Karlsplatz (Stachus)=1_Edelman Munich Office=1
Wed Sep 05 10:30:00 UTC 2012,2,10,630,37,2,Professional & Other Places=1_Food=1_Shops & Services=1,Building=1_Farmers Market=1,Viktualienmarkt=1_Ismaning=1
Wed Sep 05 11:00:00 UTC 2012,2,11,660,30,2,Professional & Other Places=1,Office=1,"MAN HR Services GmbH=1_PC-SPEZIALIST München Ost,=1"
Wed Sep 05 11:30:00 UTC 2012,2,11,690,33,1,Shops & Services=1,Camera Store=1,Leica Store=1
Wed Sep 05 12:00:00 UTC 2012,2,12,720,54,4,Travel & Transport=1_Food=2_Shops & Services=1,Department Store=1_Coffee Shop=1_Restaurant=1_Bus Station=1,Atlantik Fisch & Feinkost=1_Oberpollinger=1_Starbucks Coffee=1_H Drosselweg=1
Wed Sep 05 12:30:00 UTC 2012,2,12,750,45,11,Schools=1_Travel & Transport=3_Professional & Other Places=2_Outdoors & Recreation=1_Food=3_Shops & Services=1,Train Station=2_High School=1_German Restaurant=1_Internet Cafe=1_Eastern European Restaurant=1_Brewery=1_Bus Station=1_Office=1,Heros Reha=1_6th Floor Lounge=1_München Hauptbahnhof=1_Augustiner am Dom=1_s'Tascherl=1_S+U Marienplatz=1_Ratskeller=1_H Odeonsplatz=1_schalk&friends - agentur für neue medien gmbh=1_Asam-Gymnasium=1_Bayern LB=1
Wed Sep 05 13:00:00 UTC 2012,2,13,780,59,9,Travel & Transport=1_Professional & Other Places=2_Outdoors & Recreation=1_Food=4_Shops & Services=3,Office=2_Grocery Store=1_Train Station=1_Plaza=1_Coffee Shop=1_Snack Place=1_Farmers Market=1_Department Store=1,Edeka Theresie=1_Karlsplatz (Stachus)=1_Oberpollinger=1_Salesforce Office Munich=1_Viktualienmarkt=1_Piadina Bar=1_Starbucks=1_S+U Hauptbahnhof=1_Siemens=1
Wed Sep 05 13:30:00 UTC 2012,2,13,810,31,5,Food=2_Shops & Services=2,Pizza Place=1_Nail Salon=1_Electronics Store=1_Japanese Restaurant=1,"BLR Radiodienst=1_Japan Sushi Gourmet=1_ocui [open cuisine]=1_Apple Store=1_Deeva Nails, Nailstudio=1"
Wed Sep 05 14:00:00 UTC 2012,2,14,840,43,6,Professional & Other Places=1_Food=5_Shops & Services=1,Chinese Restaurant=2_Café=1_Grocery Store=1_Restaurant=1_Office=1,Mandarin Restaurant=2_Bavaria Film Haus 57=1_Mangostin Ski-Hüttte=1_V-Markt=1_Armani Caffe=1
Wed Sep 05 14:30:00 UTC 2012,2,14,870,49,4,Outdoors & Recreation=1_Food=1_Shops & Services=2,Clothing Store=1_Plaza=1_Electronics Store=1_Asian Restaurant=1,Marienplatz=1_Der kleine Chinese=1_Konen=1_Apple Store=1
Wed Sep 05 15:00:00 UTC 2012,2,15,900,44,4,Professional & Other Places=1_Spiritual Centers=1_Outdoors & Recreation=1_Food=1_Nightlife Spots=1,Church=1_Restaurant=1_Playground=1_Beer Garden=1,Hofbräuhaus=1_Kasino Globus=1_Spielplatz Graf-Spee-Platz=1_Heliggeist Kirche=1
Wed Sep 05 15:30:00 UTC 2012,2,15,930,43,3,Travel & Transport=1_Food=2_Shops & Services=2,Grocery Store=2_Train Station=1,Mikado=2_S+U Hauptbahnhof=1
Wed Sep 05 16:00:00 UTC 2012,2,16,960,37,10,Professional & Other Places=1_Outdoors & Recreation=2_Food=4_Nightlife Spots=1_Shops & Services=3,Plaza=2_Building=1_Hotel Bar=1_Fast Food Restaurant=1_Department Store=1_Electronics Store=1_Café=1_Argentinian Restaurant=1,Asado Steak=1_Karlsplatz (Stachus)=1_Oberpollinger=1_Alois Dallmayr KG=1_Marienplatz=1_Cafe Schwabing=1_McDonald's=1_Apple Store=1_Schubecks Orlando=1_Hypohaus=1
Wed Sep 05 16:30:00 UTC 2012,2,16,990,41,2,Travel & Transport=1_Hotels=1_Shops & Services=1,Mall=1_Bed & Breakfast=1,Smart Stay Hotel Station=1_Stachus Passagen=1
Wed Sep 05 17:00:00 UTC 2012,2,17,1020,41,3,Clothing Stores=1_Food=1_Shops & Services=3,Mall=1_Accessories Store=1_Grocery Store=1,Bulgari=1_München City=1_Tengelmann=1
Wed Sep 05 17:30:00 UTC 2012,2,17,1050,39,3,Food=2_Shops & Services=1,Miscellaneous Shop=1_Café=1_Italian Restaurant=1,Cafe Schwabing=1_Nespresso Boutique=1_Vapiano=1
Wed Sep 05 18:00:00 UTC 2012,2,18,1080,50,3,Travel & Transport=3,Subway=2_Train Station=1,München Hauptbahnhof=1_U Neuperlach Zentrum=1_U Schwanthaler Höhe=1
Wed Sep 05 18:30:00 UTC 2012,2,18,1110,93,9,Train Stations=1_Travel & Transport=3_Medical Centers=1_Professional & Other Places=2_Clothing Stores=1_Food=1_Shops & Services=1_Nightlife Spots=2,Train Station=1_Shoe Store=1_Pub=1_Building=1_Burger Joint=1_Hospital=1_Platform=1_Subway=1,putzbrunn=1_Klinikum Bogenhausen=1_München Hbf Gleis 24/25=1_Biergarten Bavaria-Park=1_S Leuchtenbergring=1_M.C. Mueller=1_Kilians Irish Pub=1_Shoe 4 You Unterhaching=1_U Hauptbahnhof=1
Wed Sep 05 19:00:00 UTC 2012,2,19,1140,54,6,Travel & Transport=1_Clothing Stores=1_Food=4_Shops & Services=1,Moving Target=1_Shoe Store=1_German Restaurant=1_Mediterranean Restaurant=1_Bakery=1_Coffee Shop=1,Bäckerei Konditorei Café Högl=1_El Perro y el Griego=1_ICE 510=1_Rechthaler Hof=1_Deichmann Filiale=1_Starbucks=1
Wed Sep 05 19:30:00 UTC 2012,2,19,1170,80,2,Travel & Transport=1_Outdoors & Recreation=1,Train Station=1_Other Great Outdoors=1,Isar Running Track: Wittelsbacher Brücke - Flaucher=1_S+U Harras=1
Wed Sep 05 20:00:00 UTC 2012,2,20,1200,53,2,Food=2,Restaurant=2,Wu Wei=1_Firn Cafe und Bar=1
Wed Sep 05 20:30:00 UTC 2012,2,20,1230,54,0,"","",""
Wed Sep 05 21:00:00 UTC 2012,2,21,1260,47,4,Residences=1_Arts & Entertainment=1_Movie Theaters=1_Travel & Transport=1_Food=1,Bus Station=1_Home (private)=1_Indie Movie Theater=1_Italian Restaurant=1,H Am Hart=1_City Kino=1_2 Infinite Loop=1_Vapiano Bogenhausen=1
Wed Sep 05 21:30:00 UTC 2012,2,21,1290,82,0,"","",""
Wed Sep 05 22:00:00 UTC 2012,2,22,1320,68,2,Residences=1_Nightlife Spots=1,Pub=1_Home (private)=1,Ruschke HQ=1_Kilians Irish Pub=1
Wed Sep 05 22:30:00 UTC 2012,2,22,1350,5,0,"","",""
Wed Sep 05 23:00:00 UTC 2012,2,23,1380,0,0,"","",""
Wed Sep 05 23:30:00 UTC 2012,2,23,1410,0,0,"","",""
Thu Sep 06 00:00:00 UTC 2012,3,0,0,0,0,"","",""
Thu Sep 06 00:30:00 UTC 2012,3,0,30,0,0,"","",""
Thu Sep 06 01:00:00 UTC 2012,3,1,60,1,0,"","",""
Thu Sep 06 01:30:00 UTC 2012,3,1,90,31,0,"","",""
Thu Sep 06 02:00:00 UTC 2012,3,2,120,37,0,"","",""
Thu Sep 06 02:30:00 UTC 2012,3,2,150,24,0,"","",""
Thu Sep 06 03:00:00 UTC 2012,3,3,180,12,0,"","",""
Thu Sep 06 03:30:00 UTC 2012,3,3,210,5,0,"","",""
Thu Sep 06 04:00:00 UTC 2012,3,4,240,5,0,"","",""
Thu Sep 06 04:30:00 UTC 2012,3,4,270,5,0,"","",""
Thu Sep 06 05:00:00 UTC 2012,3,5,300,5,0,"","",""
Thu Sep 06 05:30:00 UTC 2012,3,5,330,6,1,"","",Abenteuerspielplatz=1
Thu Sep 06 06:00:00 UTC 2012,3,6,360,12,1,Travel & Transport=1,General Travel=1,Aschheim=1
Thu Sep 06 06:30:00 UTC 2012,3,6,390,10,1,Travel & Transport=1,Train Station=1,S-Bahn Daglfing=1
Thu Sep 06 07:00:00 UTC 2012,3,7,420,19,1,Stadiums=1_Arts & Entertainment=1,Tennis=1,Iphitos Tennis Club - Center Court=1
Thu Sep 06 07:30:00 UTC 2012,3,7,450,26,2,Travel & Transport=2,Train Station=2,S Höllriegelskreuth=1_S+U Ostbahnhof=1
Thu Sep 06 08:00:00 UTC 2012,3,8,480,36,5,Stadiums=1_Arts & Entertainment=1_Travel & Transport=1_Professional & Other Places=2_Offices=1_Food=1,Tech Startup=1_Coffee Shop=1_Light Rail=1_Hockey Arena=1_Office=1,BMW FIZ=1_Tram Pelkovenstrasse=1_We'll Cover It=1_Olympia-Eisstadion=1_Starbucks=1
Thu Sep 06 08:30:00 UTC 2012,3,8,510,38,6,Arts & Entertainment=1_Professional & Other Places=2_Travel & Transport=2,Government Building=1_Hotel=1_Museum=1_Bus Station=1_Office=1,H Neuperlach Süd=1_Best Western Hotel Cristal=1_KVR Bürgerbüro=1_Literaturhaus=1_gutefrage.net GmbH=1_Maisberger GmbH=1
Thu Sep 06 09:00:00 UTC 2012,3,9,540,38,10,Travel & Transport=1_Professional & Other Places=8_Food=1,Office=7_Coffee Shop=1_Hotel=1_Post Office=1,Packstation 155=1_d.velop International=1_Web Media Publishing AG=1_Innovation@ITZ=1_CSU Landesleitung=1_Edelman Munich Office=1_Home Shopping Europe GmbH=1_Maritim Hotel München / Munich=1_SevenOne Media GmbH=1_I O espresso Lounge=1
Thu Sep 06 09:30:00 UTC 2012,3,9,570,40,6,Athletics & Sports=1_Professional & Other Places=3_Outdoors & Recreation=1_Food=2,Office=2_Coffee Shop=2_Soccer Field=1_Government Building=1,IDG Germany Office=1_SPONSORs Sports Venue Summit=1_KfZ-Zulassungsstelle=1_Weber Shandwick=1_Coffee Fellows=1_Starbucks=1
Thu Sep 06 10:00:00 UTC 2012,3,10,600,31,1,Food=1,Coffee Shop=1,Starbucks=1
Thu Sep 06 10:30:00 UTC 2012,3,10,630,37,4,Arts & Entertainment=1_Professional & Other Places=2_Travel & Transport=1_Museums=1,Office=2_Train Station=1_History Museum=1,Constantin-Film GmbH=2_München Hauptbahnhof=1_Gaskammer=1
Thu Sep 06 11:00:00 UTC 2012,3,11,660,37,2,Travel & Transport=1_Food=1,Mediterranean Restaurant=1_Hotel=1,Hotel Brecherspitze Munich=1_MACE=1
Thu Sep 06 11:30:00 UTC 2012,3,11,690,23,1,Arts & Entertainment=1_Museums=1,Science Museum=1,Deutsches Museum=1
Thu Sep 06 12:00:00 UTC 2012,3,12,720,43,4,Professional & Other Places=1_Outdoors & Recreation=1_Food=2,German Restaurant=1_Other Great Outdoors=1_Restaurant=1_Event Space=1,"Nimrod's=1_München=1_Der Pschorr=1_M,O,C,=1"
Thu Sep 06 12:30:00 UTC 2012,3,12,750,30,3,Food=2_Shops & Services=1,Miscellaneous Shop=1_Vietnamese Restaurant=1_German Restaurant=1,van hoa=1_Wochenmarkt am Rosenkavalierplatz=1_Franz Josef=1
Thu Sep 06 13:00:00 UTC 2012,3,13,780,38,4,Professional & Other Places=1_Food=2_Shops & Services=1,Deli / Bodega=1_Burger Joint=1_Spa / Massage=1_Event Space=1,"deli@designraum=1_Arabella Spa=1_Burger House=1_M,O,C,=1"
Thu Sep 06 13:30:00 UTC 2012,3,13,810,30,5,Travel & Transport=1_Food=3,Restaurant=2_Food=1_Fast Food Restaurant=1_Train Station=1,Hauptbahof=1_Siemens Kantine=1_BMW Betriebsrestaurant Hochhaus=1_Burger King=1_Landhof Standl=1
Thu Sep 06 14:00:00 UTC 2012,3,14,840,59,8,Travel & Transport=1_Medical Centers=1_Professional & Other Places=2_Outdoors & Recreation=1_Food=4_Nightlife Spots=1,Asian Restaurant=2_Hospital=1_Burger Joint=1_Hotel Bar=1_Hotel=1_Office=1_Japanese Restaurant=1_Plaza=1,Der kleine Chinese=2_Japan Sushi Gourmet=1_Cosmogrill=1_Klinikum Bogenhausen=1_Hotel Vier Jahreszeiten Kempinski=1_Am Harras=1_M-Net Rechenzentrum=1
Thu Sep 06 14:30:00 UTC 2012,3,14,870,39,7,Professional & Other Places=1_Travel & Transport=1_Outdoors & Recreation=1_Food=1_Shops & Services=2,Bank=1_Nail Salon=1_Pool=1_Light Rail=1_Café=1_Office=1,"Tram Nordbad=1_Authentic4u Meetingroom @can=1_Nordbad=1_HypoVereinsbank=1_CAN - Café am Nordbad=1_BMW ITZ=1_Deeva Nails, Nailstudio=1"
Thu Sep 06 15:00:00 UTC 2012,3,15,900,43,4,Professional & Other Places=2_Food=1_Shops & Services=1,Office=2_Electronics Store=1_Mexican Restaurant=1,pureburrito=1_Apple Store=1_Weber Shandwick=1_SevenOne Media GmbH=1
Thu Sep 06 15:30:00 UTC 2012,3,15,930,69,2,Food=1_Shops & Services=1,Cosmetics Shop=1_Café=1,Rossmann=1_Tanpopo=1
Thu Sep 06 16:00:00 UTC 2012,3,16,960,47,2,Shops & Services=2,Miscellaneous Shop=1_Clothing Store=1,Tiptab GmbH=1_American Apparel=1
Thu Sep 06 16:30:00 UTC 2012,3,16,990,41,4,Travel & Transport=1_Professional & Other Places=1_Government Buildings=1_Food=1_Shops & Services=1,Monument / Landmark=1_Bank=1_Train Station=1_Café=1,Chocolatte=1_München Hauptbahnhof=1_HypoVereinsbank=1_Mariensäule=1
Thu Sep 06 17:00:00 UTC 2012,3,17,1020,57,3,Shops & Services=3,Department Store=1_Tattoo Parlor=1_Electronics Store=1,Saturn=1_Oberpollinger=1_Cutglass Piercing=1
Thu Sep 06 17:30:00 UTC 2012,3,17,1050,39,5,Travel & Transport=1_Food=3,Ice Cream Shop=1_Subway=1_French Restaurant=1_Italian Restaurant=1,Cafeteria Flavou=1_U Neuperlach Zentrum=1_Vapiano=1_Cremagelato=1_Rive Gauche=1
Thu Sep 06 18:00:00 UTC 2012,3,18,1080,43,7,Travel & Transport=3_Outdoors & Recreation=3_Shops & Services=1,Plaza=3_Light Rail=1_Train Station=1_Electronics Store=1_Subway=1,Weißenburger Platz=2_S+U Neuperlach Süd=1_Marienplatz=1_Media Markt=1_H Sendlinger Tor=1_U Innsbrucker Ring=1
Thu Sep 06 18:30:00 UTC 2012,3,18,1110,41,2,Nightlife Spots=1_Shops & Services=1,Bookstore=1_Pub=1,Kilians Irish Pub=1_Hugendubel=1
Thu Sep 06 19:00:00 UTC 2012,3,19,1140,40,5,Residences=1_Professional & Other Places=1_Shops & Services=2_Nightlife Spots=1,Sporting Goods Shop=1_Cocktail Bar=1_Electronics Store=1_Office=1_Home (private)=1,Bennys Villa=1_Cocktailhouse=1_Apple Store=1_Junge Union Bayern=1_SportScheck Hotspot=1
Thu Sep 06 19:30:00 UTC 2012,3,19,1170,55,4,Travel & Transport=1_Food=2_Nightlife Spots=1,German Restaurant=1_Hotel=1_Bar=1_Japanese Restaurant=1,NH Hotel München am Ring=1_Schnitzelwirt=1_Bentoya=1_Arts ‘n’ Boards=1
Thu Sep 06 20:00:00 UTC 2012,3,20,1200,48,6,Residences=1_Arts & Entertainment=1_Travel & Transport=2_Professional & Other Places=1_Offices=1_Food=2_Nightlife Spots=1,Coworking Space=1_Train Station=1_German Restaurant=1_Travel Lounge=1_Restaurant=1_Concert Hall=1_Home (private)=1_Beer Garden=1,2 Infinite Loop=1_GEMA=1_S Hackerbrücke=1_Der Hufnagel=1_DB Lounge München=1_Club Ampere=1
Thu Sep 06 20:30:00 UTC 2012,3,20,1230,41,5,Travel & Transport=3_Food=2,Train Station=1_Pizza Place=1_Brewery=1_Hotel=1_Bus Station=1,NH Hotel München am Ring=1_München Hauptbahnhof=1_Grano=1_H Olympiazentrum=1_Zum Augustiner=1
Thu Sep 06 21:00:00 UTC 2012,3,21,1260,46,4,Travel & Transport=1_Gyms or Fitness Centers=3_Food=2_Shops & Services=3,Yoga Studio=1_Gym Pool=1_Café=1_Hotel=1_Thai Restaurant=1_Gym=1,Yum2Take=1_Königin 43=1_Fitness First Platinum Swim Club=1_Mercure Hotel München City Center=1
Thu Sep 06 21:30:00 UTC 2012,3,21,1290,38,5,Arts & Entertainment=1_Travel & Transport=2_Food=2,Train Station=2_German Restaurant=1_Concert Hall=1_Italian Restaurant=1,Il Mulino=1_Kleine Olympiahalle=1_S+U Ostbahnhof=1_Bahnhof Pasing (S)=1_Lehner's Wirtshaus=1
Thu Sep 06 22:00:00 UTC 2012,3,22,1320,50,3,Arts & Entertainment=1_Movie Theaters=1_Outdoors & Recreation=1_Food=1,Tapas Restaurant=1_Other Great Outdoors=1_Multiplex=1,Oberföhring=1_Mathäser Filmpalast=1_Teatro Tapas=1
Thu Sep 06 22:30:00 UTC 2012,3,22,1350,80,4,Residences=1_Stadiums=1_Arts & Entertainment=1_Travel & Transport=1_Outdoors & Recreation=1,Plaza=1_Soccer Stadium=1_General Travel=1_Home (private)=1,Allianz Arena=1_CNL 418 München - Amsterdam=1_Marienplatz=1_WG der unbändigen Lust=1
Thu Sep 06 23:00:00 UTC 2012,3,23,1380,66,3,Travel & Transport=1_Outdoors & Recreation=1_Food=1,Train Station=1_Brewery=1_Neighborhood=1,Hacker-Pschorr Am Marienplatz=1_Neuhausen-Nymphenburg=1_S+U Ostbahnhof=1
Thu Sep 06 23:30:00 UTC 2012,3,23,1410,68,9,Arts & Entertainment=1_Professional & Other Places=2_Spiritual Centers=1_Government Buildings=1_Outdoors & Recreation=2_Museums=1_Food=1_Nightlife Spots=1_Shops & Services=2,Automotive Shop=2_Monument / Landmark=1_History Museum=1_Plaza=1_Church=1_Café=1_Bar=1_Sculpture Garden=1,Denkmal König Ludwig=1_Theatinerkirche (Stiftskirche St. Kajetan)=1_Schall & Rauch=1_Feldherrnhalle=1_Mercedes Benz Gallery=1_Luigi Tambosi am Hofgarten=1_Odeonsplatz=1_Residenz München=1_Aston Martin Munich=1
Fri Sep 07 00:00:00 UTC 2012,4,0,0,54,4,Residences=1_Travel & Transport=1_Professional & Other Places=1_Offices=1,Tech Startup=1_Hotel=1_Home (private)=1,home chris' home=1_Hotel Astor=1_Fuchsbau Thalkirchen=1_QSO4YOU Community Board Büro=1
Fri Sep 07 00:30:00 UTC 2012,4,0,30,33,1,Travel & Transport=1_Hotels=1,Hostel=1,Haus International Munich=1
Fri Sep 07 01:00:00 UTC 2012,4,1,60,12,0,"","",""
Fri Sep 07 01:30:00 UTC 2012,4,1,90,19,1,Residences=1,Home (private)=1,Home Sweet Home=1
Fri Sep 07 02:00:00 UTC 2012,4,2,120,23,0,"","",""
Fri Sep 07 02:30:00 UTC 2012,4,2,150,25,0,"","",""
Fri Sep 07 03:00:00 UTC 2012,4,3,180,14,0,"","",""
Fri Sep 07 03:30:00 UTC 2012,4,3,210,4,0,"","",""
Fri Sep 07 04:00:00 UTC 2012,4,4,240,3,0,"","",""
Fri Sep 07 04:30:00 UTC 2012,4,4,270,4,0,"","",""
Fri Sep 07 05:00:00 UTC 2012,4,5,300,4,0,"","",""
Fri Sep 07 05:30:00 UTC 2012,4,5,330,12,0,"","",""
Fri Sep 07 06:00:00 UTC 2012,4,6,360,39,0,"","",""
Fri Sep 07 06:30:00 UTC 2012,4,6,390,11,2,Residences=1_Gyms or Fitness Centers=1_Shops & Services=1,Home (private)=1_Gym=1,Fitness First Black Label Club=1_WG der unbändigen Lust=1
Fri Sep 07 07:00:00 UTC 2012,4,7,420,11,3,Professional & Other Places=1_Travel & Transport=2,Train Station=1_Hotel=1_Office=1,München Hauptbahnhof=1_Yahoo! Deutschland GmbH=1_B&B Hotel=1
Fri Sep 07 07:30:00 UTC 2012,4,7,450,39,4,Travel & Transport=2_Professional & Other Places=1_Hotels=1_Food=1,Train Station=1_Hostel=1_Coffee Shop=1_Office=1,München Hauptbahnhof=1_Fraunhofer-Gesellschaft=1_Haus International Munich=1_San Francisco Coffee Company=1
Fri Sep 07 08:00:00 UTC 2012,4,8,480,25,1,Food=1,Café=1,Illy Cafe Bar=1
Fri Sep 07 08:30:00 UTC 2012,4,8,510,34,10,Arts & Entertainment=1_Travel & Transport=3_Professional & Other Places=6,Office=6_Bus Station=2,Innovation@ITZ=2_H Hohenzollernplatz=1_IDG Germany Office=1_d.velop International=1_H Neuperlach Süd=1_S Isartor=1_Literaturhaus=1_Edelman Munich Office=1_Maisberger GmbH=1
Fri Sep 07 09:00:00 UTC 2012,4,9,540,40,9,Professional & Other Places=3_Outdoors & Recreation=1_Food=4_Shops & Services=1,Office=3_Coffee Shop=2,Karlsplatz (Stachus)=1_McDonald's=1_Aldi=1_CSU Landesleitung=1_gutefrage.net GmbH=1_Munich City Tower=1_Weber Shandwick=1_Starbucks=1_I O espresso Lounge=1
Fri Sep 07 09:30:00 UTC 2012,4,9,570,40,11,Residences=1_Medical Centers=1_Professional & Other Places=7_Food=2_Shops & Services=2,Office=5_Café=1_Farmers Market=1_Hospital=1_Home (private)=1_Parking=1_Mobile Phone Shop=1,Home Shopping Europe GmbH=2_Parkhaus Agrob=1_o2 Shop München Sendlinger Strasse=1_IDG Germany Office=1_Loretta=1_Web Media Publishing AG=1_Alnatura Supermarkt=1_Klinikum Rechts-der-Isar der TUM=1_Home Sweet Home=1_Brandsome=1
Fri Sep 07 10:00:00 UTC 2012,4,10,600,33,2,Professional & Other Places=1_Travel & Transport=1,Train Station=1_Office=1,München Hauptbahnhof=1_Weber Shandwick=1
Fri Sep 07 10:30:00 UTC 2012,4,10,630,74,4,Professional & Other Places=1_Outdoors & Recreation=1_Shops & Services=2,Plaza=1_Toy / Game Store=1_Electronics Store=1_Office=1,Marienplatz=1_Apple Store=1_beate uhse=1_Hotwire Public Relations=1
Fri Sep 07 11:00:00 UTC 2012,4,11,660,59,3,Travel & Transport=1_Professional & Other Places=1_Government Buildings=1_Shops & Services=1,Monument / Landmark=1_Train Station=1_Electronics Store=1,Isartor=1_München Hauptbahnhof=1_GRAVIS Store München=1
Fri Sep 07 11:30:00 UTC 2012,4,11,690,36,5,Professional & Other Places=1_Travel & Transport=2_Food=2,Train Station=1_Coffee Shop=1_Bus Station=1_Ice Cream Shop=1_Office=1,City Park am Goetheplatz=1_München Hauptbahnhof=1_H Universität=1_Starbucks=1_I Love Leo Frozen Yoghurt=1
Fri Sep 07 12:00:00 UTC 2012,4,12,720,45,7,Performing Arts Venues=1_Arts & Entertainment=2_Professional & Other Places=1_Outdoors & Recreation=1_Museums=1_Food=2_Shops & Services=1,Plaza=1_History Museum=1_Design Studio=1_Pizza Place=1_Opera House=1_Thai Restaurant=1_Convention Center=1,Santo Anger=1_Bayerische Staatsoper=1_HVB Forum=1_Hamai Thailändische Garküche=1_royalmedia GmbH & Co. KG=1_Odeonsplatz=1_Residenz München=1
Fri Sep 07 12:30:00 UTC 2012,4,12,750,51,5,Professional & Other Places=1_Outdoors & Recreation=1_Food=1_Nightlife Spots=1_Shops & Services=1,Turkish Restaurant=1_Wine Bar=1_Other Great Outdoors=1_Building=1_Salon / Barbershop=1,Volksgarten=1_Bavaria=1_Bayerischer Rundfunk=1_Lippert’s Friseure=1_anatolia=1
Fri Sep 07 13:00:00 UTC 2012,4,13,780,51,6,Food=4,German Restaurant=2_Fast Food Restaurant=1_Café=1,Zur Schwalbe=1_Nordsee im PEP=1_McDonald's=1_Akademie Deutsche POP=1_Kleine Villa Flora=1_San Francisco Coffee Company=1
Fri Sep 07 13:30:00 UTC 2012,4,13,810,42,5,Travel & Transport=1_Professional & Other Places=1_Offices=1_Food=3_Nightlife Spots=1,German Restaurant=2_Coffee Shop=1_Conference Room=1_Travel Lounge=1_Bar=1,Wirtshaus zur Brez'n=2_CANCOM=1_DB Lounge München=1_Starbucks Coffee=1
Fri Sep 07 14:00:00 UTC 2012,4,14,840,37,2,Professional & Other Places=1_Shops & Services=1,Drugstore / Pharmacy=1_Office=1,Telefónica Germany=1_agricola Apotheke=1
Fri Sep 07 14:30:00 UTC 2012,4,14,870,46,4,Professional & Other Places=1_Outdoors & Recreation=1_Food=1_Beaches=1_Shops & Services=1,Mall=1_Surf Spot=1_Coffee Shop=1_Office=1,Eisbach Wave / Eisbachwelle=1_Batty Baristas Coffee Shop=1_Stachus Passagen=1_Constantin-Film GmbH=1
Fri Sep 07 15:00:00 UTC 2012,4,15,900,53,13,Travel & Transport=3_Professional & Other Places=1_Outdoors & Recreation=1_Food=7_Shops & Services=2,Light Rail=2_Ice Cream Shop=2_Coffee Shop=2_Plaza=1_Grocery Store=1_Hotel=1_Café=1_Drugstore / Pharmacy=1,Eiscafe Venezia=2_Tram Herzogstraße=1_REWE CITY=1_Kurfürstenplatz=1_Westside Hotel=1_Turner House=1_Tram Kurfürstenplatz=1_Freihamer Wirtshaus=1_Starbucks=1_Schumann's Tagesbar=1_Müller Drogerie=1_San Francisco Coffee Company=1
Fri Sep 07 15:30:00 UTC 2012,4,15,930,51,3,Travel & Transport=1_Outdoors & Recreation=1_Clothing Stores=1_Shops & Services=1,Boutique=1_Train Station=1_Plaza=1,München Hauptbahnhof=1_Kufsteinerplatz=1_Mango=1
Fri Sep 07 16:00:00 UTC 2012,4,16,960,45,1,Nightlife Spots=1,Beer Garden=1,Biergarten Spektakel=1
Fri Sep 07 16:30:00 UTC 2012,4,16,990,34,6,Travel & Transport=3_Outdoors & Recreation=2_Food=1,Hotel=2_Other Great Outdoors=1_Plaza=1_Train Station=1_Italian Restaurant=1,"Mercure Hotel München City Center=2_Munich, Germany=1_Vapiano=1_S+U Ostbahnhof=1_Marienplatz=1"
Fri Sep 07 17:00:00 UTC 2012,4,17,1020,40,11,Athletics & Sports=2_Arts & Entertainment=1_Travel & Transport=1_Outdoors & Recreation=3_Food=2_Nightlife Spots=1_Shops & Services=3,Soccer Field=2_Pub=1_German Restaurant=1_River=1_Clothing Store=1_Gas Station / Garage=1_Food & Drink Shop=1_Coffee Shop=1,FT Gern=2_Tierpark / Zoo Hellabrunn=1_Park Hotel Laim=1_Konen=1_Paulaner Treff=1_Deutsche Eiche=1_Metro Pasing=1_Nymphenburger Kanal=1_Aral Tankstelle=1_Starbucks Coffee=1
Fri Sep 07 17:30:00 UTC 2012,4,17,1050,43,5,Residences=1_Travel & Transport=2_Shops & Services=1_Nightlife Spots=1,Sporting Goods Shop=1_Hotel=1_Subway=1_Home (private)=1_Beer Garden=1,U Neuperlach Zentrum=1_2 Infinite Loop=1_Park Hotel Laim=1_Sporthaus Schuster=1_Taxisgarten=1
Fri Sep 07 18:00:00 UTC 2012,4,18,1080,48,9,Travel & Transport=4_Outdoors & Recreation=2_Food=2_Shops & Services=1_Nightlife Spots=1,Train Station=3_Pub=1_German Restaurant=1_Plaza=1_Subway=1_Food Court=1_Garden=1,Rubenbauer Gaststätten im Hbf=1_Marienplatz=1_S+U Neuperlach Süd=1_Zamdorfer=1_S Donnersbergerbrücke=1_S+U Ostbahnhof=1_Kennedy's Irish Bar & Restaurant=1_U Innsbrucker Ring=1_Mupfl=1
Fri Sep 07 18:30:00 UTC 2012,4,18,1110,55,7,Athletics & Sports=1_Professional & Other Places=1_Outdoors & Recreation=1_Food=2_Shops & Services=1_Nightlife Spots=2,Soccer Field=1_Library=1_Restaurant=1_Bar=1_Gay Bar=1_Hardware Store=1_Sandwich Place=1,Hornbach Freiham=1_Wu Wei=1_Café Ludwig=1_Turn- u. Sportverein München- Solln e.V.=1_A&F Lounge=1_Subway=1_Stadtbibliothek Giesing=1
Fri Sep 07 19:00:00 UTC 2012,4,19,1140,21,4,Performing Arts Venues=1_Arts & Entertainment=1_Professional & Other Places=1_Travel & Transport=2,Train Station=1_Theater=1_Bus Station=1_Office=1,München Hauptbahnhof=1_H Olympiazentrum=1_Oberanger Theater=1_pbb Services GmbH=1
Fri Sep 07 19:30:00 UTC 2012,4,19,1170,50,2,Travel & Transport=1_Hotels=1_Nightlife Spots=1,Hostel=1_Beer Garden=1,Der Kiosk=1_HI Munich Park Hostel=1
Fri Sep 07 20:00:00 UTC 2012,4,20,1200,69,4,Residences=1_Travel & Transport=1_Food=2,Train Station=1_Thai Restaurant=1_Home (private)=1_Italian Restaurant=1,München Hauptbahnhof=1_Thai Wok=1_Home=1_Osteria Cafe Pizzaria Tarullo's=1
Fri Sep 07 20:30:00 UTC 2012,4,20,1230,74,7,Performing Arts Venues=1_Arts & Entertainment=1_Travel & Transport=1_Professional & Other Places=1_Food=2_Nightlife Spots=2,German Restaurant=1_Middle Eastern Restaurant=1_Bar=1_Theater=1_Voting Booth=1_Bus Station=1_Beer Garden=1,Eclipse Grill & Bar=1_Zum Dürnbräu=1_H Olympiazentrum=1_Zephyr Bar=1_Oberanger Theater=1_Augustiner Biergarten=1_Befreiungshalle=1
Fri Sep 07 21:00:00 UTC 2012,4,21,1260,79,4,Residences=1_Travel & Transport=2_Shops & Services=1,Train Station=2_Mall=1_Home (private)=1,München Hauptbahnhof=2_Stachus Passagen=1_Vladimir's Abode=1
Fri Sep 07 21:30:00 UTC 2012,4,21,1290,70,5,Food=4_Nightlife Spots=1,German Restaurant=2_Other Nightlife=1_Café=1_Tea Room=1,München 72=1_La Villa im Bamberger Haus=1_TYPO3camp Munich 2011 Warm-Up Party=1_Paulaner am Nockherberg=1_Hotel Lobby=1
Fri Sep 07 22:00:00 UTC 2012,4,22,1320,95,4,Food=2_Nightlife Spots=2,Cocktail Bar=2_Brewery=1_Salad Place=1,Joe Peña's Cantina y Bar=2_Löwenbräukeller=1_Dean & David=1
Fri Sep 07 22:30:00 UTC 2012,4,22,1350,69,3,Outdoors & Recreation=1_Food=2,Plaza=1_Restaurant=1_Italian Restaurant=1,la pizzetta=1_Viktualienmarkt=1_Bamyan Narges=1
Fri Sep 07 23:00:00 UTC 2012,4,23,1380,41,1,Professional & Other Places=1_Government Buildings=1,Monument / Landmark=1,Sendlinger Tor=1
Fri Sep 07 23:30:00 UTC 2012,4,23,1410,47,3,Travel & Transport=1_Food=1_Nightlife Spots=1,German Restaurant=1_Hotel=1_Nightclub=1,P1 Bar & Club=1_Mercure Hotel München City Center=1_SELF-Bar=1
Sat Sep 08 00:00:00 UTC 2012,5,0,0,36,0,"","",""
Sat Sep 08 00:30:00 UTC 2012,5,0,30,35,3,Travel & Transport=2_Outdoors & Recreation=1_Hotels=1_Nightlife Spots=1,Hostel=1_Hotel=1_Nightclub=1_Park=1,Buga Berg=1_Crowns Club=1_A&O=1
Sat Sep 08 01:00:00 UTC 2012,5,1,60,26,2,Travel & Transport=1_Food=1_Shops & Services=1,Light Rail=1_Food Court=1,Tram Grünwald - Derbolfinger Platz=1_mc donald's=1
Sat Sep 08 01:30:00 UTC 2012,5,1,90,22,0,"","",""
Sat Sep 08 02:00:00 UTC 2012,5,2,120,13,0,"","",""
Sat Sep 08 02:30:00 UTC 2012,5,2,150,12,0,"","",""
Sat Sep 08 03:00:00 UTC 2012,5,3,180,4,1,Travel & Transport=1,Hotel=1,The Westin Grand München=1
Sat Sep 08 03:30:00 UTC 2012,5,3,210,12,1,Nightlife Spots=1,Nightclub=1,Harry Klein Club=1
Sat Sep 08 04:00:00 UTC 2012,5,4,240,4,0,"","",""
Sat Sep 08 04:30:00 UTC 2012,5,4,270,3,0,"","",""
Sat Sep 08 05:00:00 UTC 2012,5,5,300,12,0,"","",""
Sat Sep 08 05:30:00 UTC 2012,5,5,330,17,1,Travel & Transport=1,Hotel=1,Le Méridien=1
Sat Sep 08 06:00:00 UTC 2012,5,6,360,14,0,"","",""
Sat Sep 08 06:30:00 UTC 2012,5,6,390,6,0,"","",""
Sat Sep 08 07:00:00 UTC 2012,5,7,420,11,2,Residences=1_Colleges & Universities=1,Student Center=1_Home (private)=1,Kerhane Munich=1_WG der unbändigen Lust=1
Sat Sep 08 07:30:00 UTC 2012,5,7,450,12,0,"","",""
Sat Sep 08 08:00:00 UTC 2012,5,8,480,25,2,Travel & Transport=1_Food=1,Travel Lounge=1_Café=1,DB Lounge München=1_Illy Cafe Bar=1
Sat Sep 08 08:30:00 UTC 2012,5,8,510,25,1,Shops & Services=1,Gym / Fitness Center=1,Fit-Star Pasing=1
Sat Sep 08 09:00:00 UTC 2012,5,9,540,13,2,Professional & Other Places=2,Convention Center=2,Design Offices Arnulfpark=2
Sat Sep 08 09:30:00 UTC 2012,5,9,570,36,4,Professional & Other Places=1_Outdoors & Recreation=1_Food=1_Shops & Services=2,Plaza=1_Grocery Store=1_Convention Center=1_Mobile Phone Shop=1,Design Offices Arnulfpark=1_o2 Shop München Sendlinger Strasse=1_basic=1_Odeonsplatz=1
Sat Sep 08 10:00:00 UTC 2012,5,10,600,43,9,Professional & Other Places=3_Travel & Transport=4_Outdoors & Recreation=1_Shops & Services=1,Train Station=3_Convention Center=2,Design Offices Arnulfpark=2_Marienplatz=1_München Hauptbahnhof=1_Ostbahnhof=1_Deutsche Bank Investment & FinanzCenter=1_H Hauptbahnhof=1_TYPO3camp 2012=1_S Obermenzing=1
Sat Sep 08 10:30:00 UTC 2012,5,10,630,35,6,Arts & Entertainment=1_Travel & Transport=3_Outdoors & Recreation=1_Food=1_Shops & Services=1,Train Station=2_Grocery Store=1_Plaza=1_Hotel=1_Museum=1,München Hauptbahnhof=1_BMW Museum=1_REWE=1_S+U Karlsplatz (Stachus)=1_Trappentreu Ecke Landsberger=1_Derag Hotel Max Emanuel=1
Sat Sep 08 11:00:00 UTC 2012,5,11,660,39,6,Travel & Transport=1_Food=3_Shops & Services=2,German Restaurant=2_Electronics Store=2_Coffee Shop=1_Bus Station=1,Saturn=1_Kaisergarten=1_H Blutenburg=1_Catwalk=1_Apple Store=1_Starbucks Coffee=1
Sat Sep 08 11:30:00 UTC 2012,5,11,690,39,5,Arts & Entertainment=1_Colleges & Universities=1_College Academic Buildings=1_Travel & Transport=1_Outdoors & Recreation=1_Shops & Services=1,Train Station=1_Plaza=1_Gas Station / Garage=1_College Technology Building=1_Museum=1,Allguth Tankstelle=1_LMU Molekulare Biologie=1_BMW Museum=1_Marienplatz=1_S+U Karlsplatz (Stachus)=1
Sat Sep 08 12:00:00 UTC 2012,5,12,720,53,7,Outdoors & Recreation=1_Clothing Stores=1_Food=3_Shops & Services=3,Boutique=1_Department Store=1_Plaza=1_Food Truck=1_Coffee Shop=1_Electronics Store=1_Café=1,Saturn=1_Marine pPlatz=1_Froschgoscherl=1_gegenüber=1_Brezelina=1_Karstadt=1_Starbucks Coffee=1
Sat Sep 08 12:30:00 UTC 2012,5,12,750,53,5,Professional & Other Places=1_Travel & Transport=1_Spiritual Centers=1_Food=4_Shops & Services=1_Nightlife Spots=1,Church=1_Restaurant=1_Café=1_Bar=1_Hotel=1_Gourmet Shop=1_Italian Restaurant=1,Café Blue=1_Feinkost Spina=1_Orient Shop=1_Alter Peter (St. Peter)=1_Frederics Serviced Apartments=1
Sat Sep 08 13:00:00 UTC 2012,5,13,780,41,7,Residences=1_Arts & Entertainment=2_Travel & Transport=1_Professional & Other Places=1_Spiritual Centers=1_Outdoors & Recreation=1_Food=1,Museum=2_Light Rail=1_Church=1_German Restaurant=1_Home (private)=1_Park=1,BMW Welt=2_Tram Ackermannstraße=1_Nürnberger Bratwurst Glöckl am Dom=1_LieblingTYP=1_Alter Peter (St. Peter)=1_Westpark=1
Sat Sep 08 13:30:00 UTC 2012,5,13,810,43,2,Food=2,Pizza Place=1_Brewery=1,Menterschwaige=1_Enzo Pizza & Bar=1
Sat Sep 08 14:00:00 UTC 2012,5,14,840,36,10,Arts & Entertainment=1_Outdoors & Recreation=1_Food=6_Shops & Services=3,Miscellaneous Shop=1_Performing Arts Venue=1_Beach=1_Grocery Store=1_Falafel Restaurant=1_Coffee Shop=1_Sushi Restaurant=1_Restaurant=1,Gast=1_Café Guglhupf=1_Apple Store=1_Nespresso Boutique=1_Kaiden Asia=1_Marktkauf=1_Starbucks=1_Isarufer am Müllerschen Volksbad=1_Energy in the Park=1_Münchner Kebaphaus=1
Sat Sep 08 14:30:00 UTC 2012,5,14,870,35,9,Professional & Other Places=1_Outdoors & Recreation=2_Spiritual Centers=1_Clothing Stores=2_Nightlife Spots=1_Shops & Services=5,Electronics Store=2_Men's Store=1_Plaza=1_Miscellaneous Shop=1_Church=1_Boutique=1_Beer Garden=1_Park=1,Theatinerkirche (Stiftskirche St. Kajetan)=1_Olympiapark=1_Marienplatz=1_Schwanthaler Computer=1_Apple Store=1_Nespresso Boutique=1_SCOTCH & SODA=1_Pfundskerl XXL=1_Biergarten am Chinesischen Turm=1
Sat Sep 08 15:00:00 UTC 2012,5,15,900,61,9,Arts & Entertainment=1_Professional & Other Places=1_Outdoors & Recreation=4_Food=2_Shops & Services=2,Park=3_Post Office=1_Grocery Store=1_Performing Arts Venue=1_Brewery=1_Miscellaneous Shop=1_Garden=1,Englischer Garten=3_Penny Markt=1_Löwenbräukeller=1_Alter Botanischer Garten=1_Nespresso Boutique=1_Energy in the Park=1_Postfächer=1
Sat Sep 08 15:30:00 UTC 2012,5,15,930,59,5,Outdoors & Recreation=2_Food=2_Nightlife Spots=1,Plaza=1_Breakfast Spot=1_Beer Garden=1_Park=1_Sandwich Place=1,Pano=1_Subway Sandwiches=1_Olympiapark=1_Marienplatz=1_Olympia Alm=1
Sat Sep 08 16:00:00 UTC 2012,5,16,960,43,7,Medical Centers=1_Professional & Other Places=2_Spiritual Centers=1_Food=3_Nightlife Spots=1_Shops & Services=2,Pizza Place=1_Grocery Store=1_Food & Drink Shop=1_Church=1_Hospital=1_Ice Cream Shop=1_Beer Garden=1,Bar Comercial=1_Perfetto Karstadt Hauptbahnhof=1_Frauenkirche=1_Tengelmann Putzbrunn=1_Artemed Fachklinik=1_Eiskonditorei Sarcletti=1_Biergarten am Chinesischen Turm=1
Sat Sep 08 16:30:00 UTC 2012,5,16,990,30,8,Residences=2_Medical Centers=1_Professional & Other Places=2_Outdoors & Recreation=1_Food=1_Shops & Services=2_Nightlife Spots=1,Home (private)=2_Hospital=1_Library=1_Grocery Store=1_Spa / Massage=1_Beer Garden=1_Plaza=1,REWE CITY=1_Königlicher Hirschgarten=1_Bennys Villa=1_SAI SPA=1_2 Infinite Loop=1_Bayerische Staatsbibliothek=1_Wiener Platz (Brunnen)=1_Rotkreuzklinikum Frauenklinik=1
Sat Sep 08 17:00:00 UTC 2012,5,17,1020,61,5,Travel & Transport=1_Food=2_Shops & Services=2,Department Store=1_Mall=1_Train Station=1_Coffee Shop=1_Café=1,München Hauptbahnhof=1_Olympia-Einkaufszentrum=1_Oberpollinger=1_Rischart=1_Starbucks=1
Sat Sep 08 17:30:00 UTC 2012,5,17,1050,33,5,Arts & Entertainment=1_Travel & Transport=1_Outdoors & Recreation=1_Food=2,Café=1_Ice Cream Shop=1_Subway=1_General Entertainment=1_Park=1,Englischer Garten=1_Streetlife Festival=1_Königin 43=1_U Sendlinger Tor=1_frogis frozen yogurt=1
Sat Sep 08 18:00:00 UTC 2012,5,18,1080,33,6,Professional & Other Places=1_Spiritual Centers=1_Outdoors & Recreation=2_Food=1_Shops & Services=3,Miscellaneous Shop=1_Record Shop=1_German Restaurant=1_Internet Cafe=1_Temple=1_Other Great Outdoors=1_Park=1,Eisbach=1_schalk&friends - agentur für neue medien gmbh=1_Pflanzen Kölle=1_Paulaner am Nockherberg=1_München=1_Eintracht WG=1
Sat Sep 08 18:30:00 UTC 2012,5,18,1110,53,6,Travel & Transport=1_Outdoors & Recreation=2_Food=2_Nightlife Spots=1,Burrito Place=1_Coffee Shop=1_Bus Station=1_Beer Garden=1_Garden=1_Park=1,H Olympiazentrum=1_Küche=1_Coffee Fellows=1_Augustiner Biergarten=1_Der Garten=1_Westpark=1
Sat Sep 08 19:00:00 UTC 2012,5,19,1140,49,7,Arts & Entertainment=1_Train Stations=1_Travel & Transport=2_Food=4_Shops & Services=1,Greek Restaurant=2_Middle Eastern Restaurant=1_German Restaurant=1_Department Store=1_Subway=1_Train=1_General Entertainment=1,Mykonos=1_Rhodos=1_Streetlife Festival=1_Galeria Kaufhof=1_S Englschalking=1_Lemar=1_Zest=1
Sat Sep 08 19:30:00 UTC 2012,5,19,1170,37,4,Arts & Entertainment=1_Food=3,Mexican Restaurant=1_Pizza Place=1_Comedy Club=1_Italian Restaurant=1,Pappasito's=1_Bistro BRUNO=1_Pizzeria Europa=1_Münchner Lach- und Schießgesellschaft=1
Sat Sep 08 20:00:00 UTC 2012,5,20,1200,50,1,Train Stations=1_Travel & Transport=1,Train=1,ICE 720 München - Köln=1
Sat Sep 08 20:30:00 UTC 2012,5,20,1230,43,6,Arts & Entertainment=1_Movie Theaters=1_Food=2_Nightlife Spots=2,Sports Bar=1_Brewery=1_Café=1_Beer Garden=1_Multiplex=1,Armani Caffe=1_Löwenbräukeller=1_Mathäser Filmpalast=1_B7 Sportsbar=1_Seehaus im Englischen Garten=1_Pestalozzistraßenfest=1
Sat Sep 08 21:00:00 UTC 2012,5,21,1260,35,2,Arts & Entertainment=1_Nightlife Spots=1,Bar=1_General Entertainment=1,abbey road=1_Streetlife Festival=1
Sat Sep 08 21:30:00 UTC 2012,5,21,1290,40,2,Residences=1_Nightlife Spots=1,Beer Garden=1_Home (private)=1,Hofbräu-Biergarten am Wiener Platz=1_Betreten auf eigene Gefahr=1
Sat Sep 08 22:00:00 UTC 2012,5,22,1320,34,1,Residences=1,Home (private)=1,Evim Evim=1
Sat Sep 08 22:30:00 UTC 2012,5,22,1350,28,3,Travel & Transport=1_Nightlife Spots=1_Shops & Services=1,Mall=1_Train Station=1_Cocktail Bar=1,München Hauptbahnhof=1_Peaches Neuhausen=1_München City=1
Sat Sep 08 23:00:00 UTC 2012,5,23,1380,41,5,Food=2_Nightlife Spots=3,Cocktail Bar=2_Greek Restaurant=1_Nightclub=1_Italian Restaurant=1,Peaches Neuhausen=2_Kyprios=1_City Lounge=1_Bob Beaman Music Club=1
Sat Sep 08 23:30:00 UTC 2012,5,23,1410,34,3,Professional & Other Places=1_Travel & Transport=1_Offices=1_Food=1,Mexican Restaurant=1_Tech Startup=1_Hotel=1,Park Hotel Laim=1_Sausalitos=1_QSO4YOU Community Board Büro=1
Sun Sep 09 00:00:00 UTC 2012,6,0,0,29,2,Travel & Transport=2_Hotels=1,Motel=1_Hotel=1,"Motel One, Munich City West=1_Le Méridien=1"
Sun Sep 09 00:30:00 UTC 2012,6,0,30,17,2,Arts & Entertainment=1_Nightlife Spots=2,Cocktail Bar=1_Movie Theater=1_Bar=1,Museum Lichtspiele=1_Ksar Club=1
Sun Sep 09 01:00:00 UTC 2012,6,1,60,21,3,Arts & Entertainment=1_Food=1_Nightlife Spots=1,Fried Chicken Joint=1_Music Venue=1_Nightclub=1,Neuraum=1_Kentucky Fried Chicken (KFC)=1_Rote Sonne=1
Sun Sep 09 01:30:00 UTC 2012,6,1,90,13,0,"","",""
Sun Sep 09 02:00:00 UTC 2012,6,2,120,14,1,Residences=1,Home (private)=1,Home=1
Sun Sep 09 02:30:00 UTC 2012,6,2,150,10,0,"","",""
Sun Sep 09 03:00:00 UTC 2012,6,3,180,7,1,Residences=1,Home (private)=1,Ruschke HQ=1
Sun Sep 09 03:30:00 UTC 2012,6,3,210,4,0,"","",""
Sun Sep 09 04:00:00 UTC 2012,6,4,240,4,0,"","",""
Sun Sep 09 04:30:00 UTC 2012,6,4,270,3,0,"","",""
Sun Sep 09 05:00:00 UTC 2012,6,5,300,4,0,"","",""
Sun Sep 09 05:30:00 UTC 2012,6,5,330,4,0,"","",""
Sun Sep 09 06:00:00 UTC 2012,6,6,360,9,0,"","",""
Sun Sep 09 06:30:00 UTC 2012,6,6,390,3,0,"","",""
Sun Sep 09 07:00:00 UTC 2012,6,7,420,4,1,Residences=1,Home (private)=1,WG der unbändigen Lust=1
Sun Sep 09 07:30:00 UTC 2012,6,7,450,8,1,Outdoors & Recreation=1,Park=1,Olympiapark=1
Sun Sep 09 08:00:00 UTC 2012,6,8,480,13,0,"","",""
Sun Sep 09 08:30:00 UTC 2012,6,8,510,14,5,Professional & Other Places=1_Travel & Transport=2_Food=1,Train Station=2_Bakery=1_Convention Center=1,München Hauptbahnhof=2_Design Offices Arnulfpark=1_Hachinger Bach=1_Reicherzer=1
Sun Sep 09 09:00:00 UTC 2012,6,9,540,16,2,Travel & Transport=1_Hotels=1_Gyms or Fitness Centers=1_Shops & Services=1,Motel=1_Gym=1,Fitness First Platinum Swim Club=1_Leto Motel=1
Sun Sep 09 09:30:00 UTC 2012,6,9,570,25,1,Professional & Other Places=1,Convention Center=1,Design Offices Arnulfpark=1
Sun Sep 09 10:00:00 UTC 2012,6,10,600,25,3,Professional & Other Places=1_Travel & Transport=2,Train Station=1_Hotel=1_Event Space=1,München Hauptbahnhof=1_Hotel Bayernland=1_TYPO3camp 2012=1
Sun Sep 09 10:30:00 UTC 2012,6,10,630,37,2,Outdoors & Recreation=1_Shops & Services=1,Flower Shop=1_Lake=1,Feldmochinger See=1_Dehner Garten-Center=1
Sun Sep 09 11:00:00 UTC 2012,6,11,660,17,2,Travel & Transport=2,Light Rail=2,H Tegernseer Landstraße=1_Tram Großhesseloher Brücke=1
Sun Sep 09 11:30:00 UTC 2012,6,11,690,27,5,Travel & Transport=1_Professional & Other Places=2_Outdoors & Recreation=1_Food=1,Library=1_Hotel=1_Café=1_Convention Center=1_Lake=1,Design Offices Arnulfpark=1_Feringasee=1_Bayerische Staatsbibliothek=1_Cafe Schwabing=1_Mercure Hotel München City Center=1
Sun Sep 09 12:00:00 UTC 2012,6,12,720,33,1,Stadiums=1_Arts & Entertainment=1,Soccer Stadium=1,Stadion Grünauer Allee=1
Sun Sep 09 12:30:00 UTC 2012,6,12,750,22,4,Arts & Entertainment=1_Medical Centers=1_Professional & Other Places=1_Outdoors & Recreation=2,Plaza=1_Hospital=1_Museum=1_Lake=1,BMW Welt=1_Viktualienmarkt=1_Rotkreuzklinikum Frauenklinik=1_Waldschwaigsee=1
Sun Sep 09 13:00:00 UTC 2012,6,13,780,43,5,Colleges & Universities=1_Food=3_Shops & Services=1,Coffee Shop=2_German Restaurant=1_Internet Cafe=1_University=1,Augustiner Bräustuben=1_schalk&friends - agentur für neue medien gmbh=1_Starbucks=1_Ludwig-Maximilians-Universität (LMU)=1_Starbucks Coffee=1
Sun Sep 09 13:30:00 UTC 2012,6,13,810,20,3,Travel & Transport=1_Outdoors & Recreation=1_Food=1,Plaza=1_Bakery=1_General Travel=1,"Marienplatz=1_Bäckerei Höflinger Wettersteinplatz=1_Deutschland, Munchen=1"
Sun Sep 09 14:00:00 UTC 2012,6,14,840,25,2,Arts & Entertainment=1_Outdoors & Recreation=1,Bridge=1_Racetrack=1,Galopprennbahn Riem=1_Holzbrücke An Der Isar=1
Sun Sep 09 14:30:00 UTC 2012,6,14,870,43,4,Stadiums=1_Arts & Entertainment=1_Outdoors & Recreation=3,Plaza=1_Beach=1_Soccer Stadium=1_Lake=1,Karlsplatz (Stachus)=1_Sportpark Ottobrunn=1_Isarufer=1_Feldmochinger See=1
Sun Sep 09 15:00:00 UTC 2012,6,15,900,51,3,Arts & Entertainment=1_Outdoors & Recreation=1_Food=1,Café=1_General Entertainment=1_Lake=1,Lußsee=1_Streetlife Festival=1_Giornale=1
Sun Sep 09 15:30:00 UTC 2012,6,15,930,33,5,Residences=1_Outdoors & Recreation=2_Food=1,Sculpture Garden=2_Bakery=1_Home (private)=1,Opernplatz=2_Backhaus Goetz=1_Home Sweet Home=1_thw münchen ost=1
Sun Sep 09 16:00:00 UTC 2012,6,16,960,53,7,Arts & Entertainment=5_Movie Theaters=2_Outdoors & Recreation=1_Food=1,Museum=2_Multiplex=2_Ice Cream Shop=1_General Entertainment=1_Scenic Lookout=1,Mathäser Filmpalast=2_BMW Welt=2_Streetlife Festival=1_Olympiaturm=1_Eiskonditorei Sarcletti=1
Sun Sep 09 16:30:00 UTC 2012,6,16,990,46,6,Arts & Entertainment=1_Outdoors & Recreation=1_Food=3_Nightlife Spots=1,Performing Arts Venue=1_German Restaurant=1_Bar=1_Ice Cream Shop=1_Italian Restaurant=1_Lake=1,Detterbeck=1_Bad Maria-Einsiedel=1_Zum Flaucher=1_beach38°=1_Vapiano=1_Corso Leopold=1
Sun Sep 09 17:00:00 UTC 2012,6,17,1020,26,6,Travel & Transport=3_Outdoors & Recreation=1_Food=1,Hotel=2_Train Station=1_Café=1_Park=1,Hotel Bayernland=2_München Hauptbahnhof=1_Olympiapark=1_TSV 1860 Trainingsgelände=1_MAELU=1
Sun Sep 09 17:30:00 UTC 2012,6,17,1050,33,0,"","",""
Sun Sep 09 18:00:00 UTC 2012,6,18,1080,29,3,Travel & Transport=1_Hotels=1_Food=1_Nightlife Spots=1,German Restaurant=1_Hostel=1_Beer Garden=1,Augustiner Bräustuben=1_Wombat's Hostel München=1_Biergarten am Chinesischen Turm=1
Sun Sep 09 18:30:00 UTC 2012,6,18,1110,15,0,"","",""
Sun Sep 09 19:00:00 UTC 2012,6,19,1140,39,6,Travel & Transport=2_Food=2_Nightlife Spots=2,Train Station=1_Restaurant=1_Nightclub=1_Bus Station=1_Ice Cream Shop=1_Beer Garden=1,München Hauptbahnhof=1_P1 Bar & Club=1_H Brudermühlstraße=1_Iberl's Gasthaus & Biergarten=1_Muffathalle Biergarten=1_top it - Frischeis=1
Sun Sep 09 19:30:00 UTC 2012,6,19,1170,22,3,Travel & Transport=2_Food=1,Train Station=1_Chinese Restaurant=1_Hotel=1,Ostwind=1_München Hauptbahnhof=1_Hotel Demas City=1
Sun Sep 09 20:00:00 UTC 2012,6,20,1200,37,2,Food=2,Pizza Place=1_German Restaurant=1,Hofbräu am Oberwiesenfeld=1_ocui [open cuisine]=1
Sun Sep 09 20:30:00 UTC 2012,6,20,1230,46,1,Food=1,Ramen /  Noodle House=1,Takumi=1
Sun Sep 09 21:00:00 UTC 2012,6,21,1260,57,3,Residences=1_Outdoors & Recreation=1_Nightlife Spots=1,Other Great Outdoors=1_Residential Building (Apartment / Condo)=1_Beer Garden=1,Oberföhring=1_Hofbräuhaus=1_LieSaRama Rooftop - Fine Dining=1
Sun Sep 09 21:30:00 UTC 2012,6,21,1290,38,4,Travel & Transport=1_Food=2_Nightlife Spots=1,Pizza Place=2_Train Station=1_Hotel Bar=1,S Ismaning=1_L'Osteria=1_ecco=1_Eurostars Book Hotel=1
Sun Sep 09 22:00:00 UTC 2012,6,22,1320,68,1,Travel & Transport=1,Train Station=1,S+U Marienplatz=1
Sun Sep 09 22:30:00 UTC 2012,6,22,1350,66,3,Residences=1_Outdoors & Recreation=1,Other Great Outdoors=1_Home (private)=1,FWnetz HQ=1_Homebase=1_Westfriedhof=1
Sun Sep 09 23:00:00 UTC 2012,6,23,1380,28,3,Professional & Other Places=1_Travel & Transport=1_Offices=1_Hotels=1_Nightlife Spots=1,Tech Startup=1_Motel=1_Beer Garden=1,Gasthaus Jagdschlössl=1_Leto Motel=1_QSO4YOU Community Board Büro=1
Sun Sep 09 23:30:00 UTC 2012,6,23,1410,22,3,Professional & Other Places=2_Offices=1_Food=1,Government Building=1_Tech Startup=1_Ice Cream Shop=1,Noah's Eiswelt=1_Landeshauptstadt München=1_QSO4YOU Community Board Büro=1
